<?xml version="1.0" encoding="UTF-8" standalone="yes"?>
<addon id="plugin.video.xship" version="2021.07.01" name="Xship" provider-name="Xship-Team">
    <requires>
        <import addon="script.module.requests"/>
        <import addon="script.module.urlresolver" optional="true"/>
        <!-- for remote debug -->
        <import addon="script.module.pydevd" optional="true"/>
    </requires>
    <extension point="xbmc.python.pluginsource" library="default.py">
        <provides>video</provides>
    </extension>
    <extension point="xbmc.service" library="service.py" start="startup" />
    <extension point="xbmc.addon.metadata">
        <summary lang="de">xShip</summary>
        <description lang="de">
Mit diesem Addon kannst du auf alle angebotenen Streams verschiedenster deutscher Quellen zugreifen. 
Beachte, dass Addon kein offizieller Teil des verwendeten Media Players ist, und daher nicht von den offiziellen Support-Kanälen abgedeckt wird. 
Es handelt sich lediglich um eine Drittanbieter-Erweiterung, die dem System hinzugefügt wurde.
        </description>
        <disclaimer lang="de">Die von diesem Addon dargestellten Inhalte werden von den Erstellern der Software weder gehostet oder verbreitet, noch stehen die Ersteller in irgendeiner Beziehung zu den Content-Anbietern.</disclaimer>
        <license>GNU GPLv3</license>
        <platform>all</platform>
        <assets>
            <icon>resources/media/icon.png</icon>
            <fanart>resources/media/fanart.jpg</fanart>
            <screenshot>resources/media/org-fanart.jpg</screenshot>
            <!--<screenshot>resources/media/screenshots/screenshot-02.jpg</screenshot>
            <screenshot>resources/media/screenshots/screenshot-03.jpg</screenshot>-->
        </assets>
        <news>
Xship 2021.07.01
- die hohe CPU Last in der Episodenliste beseitigt
- fix bookmarks in player.py
- update movie4k-click
- update kinoger
- Sourcecode cleaned
- edit sourcesFilter
- settings.xml
- neue Fuktion, Hoster ausschließen
- streamworld
        </news>
    </extension>
</addon>
